{
  "info1": "======================================================================================================",
  "info2": "= This Project was generated with generjee. http://generjee.com                                      =",
  "info3": "= You can import this file into the generjee tool, then change the project model and generate again. =",
  "info4": "======================================================================================================",
  "entities": [
    {
      "name": "User",
      "id": "User",
      "lookupField": "username",
      "fields": [
        {
          "id": 0,
          "name": "id",
          "type": "Autoincremented ID",
          "editable": false,
          "showInTable": false,
          "required": true
        },
        {
          "id": "username",
          "name": "Username",
          "type": "String",
          "editable": false,
          "showInTable": true,
          "stringLength": 50,
          "required": true
        },
        {
          "id": "password",
          "name": "Password",
          "type": "Password",
          "editable": false,
          "showInTable": false,
          "required": true
        },
        {
          "id": "email",
          "name": "E-mail",
          "type": "String",
          "editable": false,
          "showInTable": true,
          "stringLength": 50,
          "required": true
        },
        {
          "id": "roles",
          "name": "Roles",
          "type": "Enumeration",
          "editable": false,
          "showInTable": false,
          "required": true
        },
        {
          "id": "status",
          "name": "Status",
          "type": "Enumeration",
          "editable": false,
          "showInTable": true,
          "required": true
        }
      ]
    },
    {
      "name": "CCRCustomer",
      "id": 1,
      "lookupField": 0,
      "auditEnabled": true,
      "aclEnabled": true,
      "authorization": [
        {
          "roleId": 1,
          "roleName": "Administrator",
          "createPerm": "0",
          "readPerm": "0",
          "updatePerm": "0",
          "deletePerm": "0",
          "changeOwnerPerm": 1,
          "ownerRoleEnabled": false
        },
        {
          "roleId": 2,
          "roleName": "Public",
          "createPerm": "0",
          "readPerm": "0",
          "updatePerm": "0",
          "deletePerm": "0",
          "changeOwnerPerm": 0,
          "ownerRoleEnabled": false
        },
        {
          "roleId": "registered001",
          "roleName": "Registered",
          "createPerm": "0",
          "readPerm": "0",
          "updatePerm": "0",
          "deletePerm": "0",
          "changeOwnerPerm": 0,
          "ownerRoleEnabled": false
        },
        {
          "roleId": 3,
          "roleName": "PPSN_VIEW",
          "createPerm": "0",
          "readPerm": "1",
          "updatePerm": "0",
          "deletePerm": "0",
          "changeOwnerPerm": 0,
          "ownerRoleEnabled": false
        },
        {
          "roleId": 4,
          "roleName": "CIS_SEARCH",
          "createPerm": "0",
          "readPerm": 1,
          "updatePerm": "0",
          "deletePerm": "0",
          "changeOwnerPerm": 0,
          "ownerRoleEnabled": false
        },
        {
          "roleId": 5,
          "roleName": "APP_LINK",
          "createPerm": "0",
          "readPerm": "0",
          "updatePerm": "0",
          "deletePerm": "0",
          "changeOwnerPerm": 0,
          "ownerRoleEnabled": false
        }
      ],
      "fields": [
        {
          "id": 0,
          "name": "id",
          "type": "Autoincremented ID",
          "editable": false,
          "showInTable": false,
          "required": true
        },
        {
          "id": 1,
          "name": "AccountNumber",
          "type": "Number",
          "editable": true,
          "showInTable": true,
          "integerLength": "20",
          "required": false
        },
        {
          "id": 2,
          "name": "NSC",
          "type": "Number",
          "editable": true,
          "showInTable": true,
          "integerLength": "8",
          "required": false
        },
        {
          "id": 3,
          "name": "Forename",
          "type": "String",
          "editable": true,
          "showInTable": true,
          "stringLength": "80",
          "required": false
        },
        {
          "id": 4,
          "name": "Surename",
          "type": "String",
          "editable": true,
          "showInTable": true,
          "stringLength": "80",
          "required": false
        },
        {
          "id": 5,
          "name": "DOB",
          "type": "Date",
          "editable": true,
          "showInTable": true,
          "required": false
        },
        {
          "id": 6,
          "name": "PPSN",
          "type": "String",
          "editable": true,
          "showInTable": true,
          "stringLength": "15",
          "required": false
        }
      ]
    }
  ],
  "appSettings": {
    "generjeeversion": "1.0",
    "appName": "CCR enquiry",
    "package": "org.boi.enquiry.security",
    "masterDetailsStyle": "2",
    "dataListStyle": "1",
    "pfTheme": "aristo",
    "runtarget": "as",
    "layer": {
      "rest": true
    },
    "manageRolesAndUsers": true,
    "createRegistrationForm": true,
    "roles": [
      {
        "id": 1,
        "name": "Administrator",
        "canBeDeleted": false
      },
      {
        "id": 2,
        "name": "Public",
        "canBeDeleted": false
      },
      {
        "id": "registered001",
        "name": "Registered",
        "canBeDeleted": false
      },
      {
        "id": 3,
        "name": "PPSN_VIEW",
        "canBeDeleted": true
      },
      {
        "id": 4,
        "name": "CIS_SEARCH",
        "canBeDeleted": true
      },
      {
        "id": 5,
        "name": "APP_LINK",
        "canBeDeleted": true
      }
    ]
  },
  "guid": "6131b784-d0b4-45b2-c439-b5cd092a6862"
}