<?xml version="1.0"?>
<faces-config xmlns="http://xmlns.jcp.org/xml/ns/javaee"
              xmlns:xsi="http://www.w3.org/2001/XMLSchema-instance"
              xsi:schemaLocation="http://xmlns.jcp.org/xml/ns/javaee http://xmlns.jcp.org/xml/ns/javaee/web-facesconfig_2_2.xsd"
              version="2.2">
              
	<application>
		<message-bundle>i18n.messages</message-bundle>
		<resource-bundle>
			<base-name>i18n.messages</base-name>
			<var>messages</var>
		</resource-bundle>
		<locale-config>
			<default-locale>en</default-locale>
			<supported-locale>en</supported-locale>
			<supported-locale>de</supported-locale>
		</locale-config>
	</application>
	
	<factory>
		<exception-handler-factory>org.omnifaces.exceptionhandler.FullAjaxExceptionHandlerFactory</exception-handler-factory>
	</factory>
	
</faces-config>